Model,R2,MAE,RMSE,y_pred
Random Forest,0.849,0.15,0.32,"[0.58229554 0.8081449  0.0801559  1.4417412  0.84137346 0.39664727
 0.32947592 0.34261315 0.60095427 0.35628297 0.31068658 0.20099795
 0.40684056 0.37306905 2.93625571 0.89112807 0.8610175  1.12770013
 0.1532956  1.1424901  0.09693789 0.20898668 1.48183756 0.50407726
 1.40983406 0.23361857 0.54710329 0.57305361 0.18136373 0.68731653
 0.56482723 0.53631745 1.13731614 0.78416355 0.12051895 0.16701535
 0.82838489 0.63225488 0.40239185 0.71507305 0.70144804 0.36681423
 0.43429891 0.7748729  0.16047036 1.75089939 1.12128815 0.07831152
 0.78897195 0.34504827 0.41169607 0.70549578 0.84251449 0.95701377
 0.87675469 0.81495938 2.25617736 0.20091727 0.57038834 0.09907512
 0.60361023 0.33190918 0.37636401 0.78869314 1.18459456 0.84545721
 1.54920082 0.75541215 0.11728356 0.58337027 0.7812969  0.52530938
 0.58183994 0.94204505 0.23401686 0.73224212 0.6136629  0.97670921
 0.26567704 0.10975683 0.84162004 1.01774084 0.77611494 0.51792849
 0.75603265 0.62257778 0.12478982 0.43074415 0.60585786 1.17669019
 0.1649837  0.63097235 0.43807203 0.10896605 0.95131286 0.27895381
 1.20499791 2.25163278 0.35354438 0.60502141 0.32630438 0.62570287
 0.5445582  1.10750285 0.6038887  0.54013168 0.55530508 0.25551492
 1.95489943 0.14010696 0.6427287  0.37134788 3.06715937 0.24646245
 0.82742834 0.60142405 0.04477076 0.4873111  0.69791996 0.75281585
 0.87468592 0.09650135 0.23514065 0.48372967 0.56648469 0.06544942
 0.74262563 0.48773962 0.11626612 0.11572082 0.56055396 0.91351785
 0.3216386  0.02881499 0.71822716 0.41846302 0.65244872 0.63873743
 0.07960358 0.41159228 1.54886708 0.60714304 0.09189829 1.78555158
 0.14392872 0.15184557 3.66924217 0.28270817 0.56151286 0.31021718
 0.47383397 0.61767882 1.72658084 1.6453445  0.81762071 0.22315572
 0.31569049 0.16881088 0.69361788 0.58472781 0.09435917 0.40248038
 0.3344794  2.45786741 0.69272079 0.87180459 0.51349579 0.57740676
 3.34666991 0.54794867 0.16796081 0.59921785 0.06517451 0.25177894
 2.22329501 1.5008922  0.95495719 0.54771727 0.83419214 2.43529818
 0.13917925 0.04789157 1.09880798 1.1228289  0.63355979 0.5848637
 0.68877318 0.13747015 0.33963437 0.36675289 0.07205318 1.08953824
 0.13026228 0.94543656 1.07124592 0.10736291 0.89954613 0.87558927
 0.13977613 0.2604098  0.12887676 0.09989752 1.95656995 0.56159672
 0.08615396 0.39781255 0.09759403 0.05206703 0.53259134 0.45360978
 1.13332757 0.46146648 0.23180419 0.59065974 0.07438905 0.77952142
 0.81630632 0.91564508 0.2447743  0.32417089 0.39717023 0.58343608
 0.22657916 1.07280167 0.06616219 0.06826732 0.98826724 0.81435305
 0.43954253 1.23488403 1.65511839 0.50470488 0.62029781 0.36474672
 0.45524193 0.10697599 0.82292668 0.38227594 0.23752577 0.60506798
 0.21470893 0.1875722  0.10704475 2.31137034 1.20281147 1.3295188
 0.74693854 0.0793891  0.54100976 0.08561524 0.97655444 0.13045794
 0.67258583 0.89467558 1.46480586 0.26163337 1.13593284 0.71725247
 0.55837711 3.00052021 0.15018039 0.33033837 1.25199358 0.57887546
 0.66106031 0.56160398 0.29608006 0.19167195 0.7294547  0.27133386
 0.75796891 0.74827949 0.06664846 0.34643064 0.59977927 0.12081124
 0.82358784 0.7645523  0.34989349 0.33066137 0.56420878 0.8166679
 0.11819508 0.73472374 0.04287601 0.55193194 0.31233327 0.13566641
 3.29211295 0.09525428 0.2006094  0.61853027 0.05643764 1.09066544
 1.77393362 0.74491305 0.69861228 0.34443247 0.1277152  0.77691138
 0.04982047 0.51654986 0.14614227 0.88220215 0.42695971 1.22843266
 0.70142944 0.7304003  3.80669956 0.7726985  1.27066693 1.05652051
 0.57321151 0.13788198 0.06324271 0.79571429 0.4486419  0.75207437
 0.5946046  0.14617675 0.84951852 0.55286204 1.03603609 0.40948477
 0.18275727 0.79273755 2.05021832 3.05242673 0.31344499 0.78254543
 0.09978642 0.20469078 0.73530249 0.75790643 0.9814497  0.11616999
 1.05878276 0.89065118 0.13890194 0.33371736 0.73084081 0.61195213
 0.22223673 0.09185324 0.386698   0.17708436 0.51871986 0.65729316
 0.2710613  0.58778097 0.06600266 0.77968036 0.22903594 0.75785353
 1.13137165 1.10588899 0.16716176 0.76683715 0.36588553 0.41515585
 0.41250401 0.15397369 0.8162791  0.2006379  0.49561432 0.49233095
 0.32679778 2.30791549 0.12803774 0.46156629 0.0953982  0.81599824
 0.57540706 0.06319327 1.87570876 0.07301932 0.51929996 0.98990574
 0.74650086 0.68079064 0.71798169 0.33856081 0.77706577 0.42940539
 0.26037532 2.81350652 0.27466335 0.61080036 0.49446723 1.01025346
 0.14058531 0.65485267]"
Extra Trees,0.971,0.05,0.14,"[5.96070302e-01 8.64682395e-01 2.07164206e-02 1.56792061e+00
 8.85350155e-01 4.20830696e-01 3.27198380e-01 2.99809660e-01
 6.67551336e-01 3.50771686e-01 3.23594767e-01 1.76847407e-01
 3.95040211e-01 3.78497297e-01 3.77597425e+00 9.49271441e-01
 9.98430552e-01 1.17491208e+00 1.64592755e-02 1.33486974e+00
 4.57886008e-02 3.85350230e-02 1.59317856e+00 5.03748924e-01
 1.13046899e+00 2.23740966e-01 5.75369109e-01 6.39957824e-01
 9.26016068e-02 7.29218656e-01 1.38232399e-01 5.25737079e-01
 1.14711486e+00 8.09238439e-01 6.10040757e-03 1.00381798e-01
 8.70552768e-01 6.71163573e-01 4.03960721e-01 6.79781250e-01
 7.44068294e-01 3.75953676e-01 4.39881615e-01 8.28434332e-01
 9.49647021e-03 7.35103354e-01 9.81221239e-01 6.82040204e-03
 8.22259292e-01 3.55636145e-01 4.78131305e-01 7.08367443e-01
 8.73105555e-01 1.00667243e+00 9.92167577e-01 4.70299645e-01
 3.00884376e+00 1.54146698e-02 5.71860298e-01 4.62205029e-02
 5.90947103e-01 3.29661927e-01 3.72081051e-01 7.08378161e-01
 1.01582614e+00 8.79617639e-01 1.50796121e+00 7.97340025e-01
 5.15236640e-02 6.23276920e-01 8.77057325e-01 5.12615022e-01
 5.49221042e-01 1.02453094e+00 7.60973590e-04 7.84517920e-01
 7.18959756e-01 1.06339980e+00 2.61318628e-01 5.38131807e-03
 1.00040434e+00 1.12158277e+00 6.47444221e-01 5.61857985e-01
 9.00455496e-01 5.78053215e-01 5.53169324e-02 4.32531600e-01
 6.16715894e-01 1.21823785e+00 1.37017521e-01 6.67084344e-01
 3.74032207e-01 5.09066542e-03 9.16998657e-01 1.06674659e-02
 1.22160666e+00 2.86008312e+00 3.52912030e-01 1.24302559e-01
 7.97403345e-02 8.32530470e-01 4.86636143e-01 1.24236401e+00
 6.03238074e-01 4.82362397e-01 2.21084924e-01 6.32933463e-02
 2.09977676e+00 4.78813964e-02 3.12754446e-01 3.80301062e-01
 2.80725851e+00 1.03462201e-01 7.53911366e-01 5.09458283e-01
 3.73464647e-03 1.14230102e-01 6.74929327e-01 5.87491668e-01
 1.03893630e+00 4.88238020e-02 3.83040595e-02 4.42344248e-01
 5.47863149e-01 2.86389213e-03 8.48161126e-01 5.13623938e-01
 6.79890813e-02 6.84333978e-02 4.59618657e-01 9.83842138e-01
 1.15577378e-01 3.44737999e-04 8.25672435e-01 4.10158404e-01
 6.18931793e-01 6.30762981e-01 5.43446752e-04 3.87333491e-01
 2.20245908e+00 5.74410962e-01 4.45583377e-02 2.87799389e+00
 6.01363415e-02 8.47754957e-03 4.13330287e+00 2.19443915e-01
 5.56875707e-01 4.22676996e-01 2.87239327e-01 6.60741721e-01
 1.89955512e+00 1.85221356e+00 4.33508724e-01 1.40034396e-01
 3.15121767e-01 5.67143196e-02 6.59096138e-01 5.97363059e-01
 7.57520830e-03 3.91644267e-01 3.03438847e-01 2.24747300e+00
 6.49538121e-01 8.97050967e-01 5.32068481e-01 5.57282440e-01
 4.32443501e+00 5.60912759e-01 8.71627293e-03 5.94256797e-01
 2.48326054e-03 1.05398691e-01 3.33828726e+00 2.19386450e+00
 1.10643577e+00 6.08214844e-01 7.62706870e-01 4.14573823e+00
 1.35810122e-01 1.87163712e-04 1.28858213e+00 8.72552296e-01
 5.80392920e-01 5.67054222e-01 7.37258668e-01 1.16924989e-01
 3.39387219e-01 3.59362125e-01 3.28832599e-02 1.12706063e+00
 4.77215127e-02 1.19460806e+00 1.08834686e+00 1.02793499e-02
 9.43185821e-01 1.06463596e+00 9.67273718e-02 2.82921200e-01
 2.00441697e-02 3.32887085e-02 2.15827652e+00 1.75863881e-01
 4.17387068e-02 1.93089346e-01 3.82579231e-02 2.22401106e-03
 6.07548326e-01 1.83957012e-01 1.14475941e+00 4.37017805e-01
 1.60309035e-01 5.93251575e-01 3.24371316e-02 8.45395952e-01
 8.42802783e-01 9.10591837e-01 1.22222315e-01 3.06605461e-01
 4.04234010e-01 6.26693551e-01 9.69730851e-02 1.12523149e+00
 1.41319849e-02 6.31880257e-03 4.78488111e-01 8.72115937e-01
 2.90400321e-01 1.25805995e+00 8.76610477e-01 5.07014925e-01
 3.15338642e-01 3.64314156e-01 4.22997489e-01 4.86352902e-02
 9.01231662e-01 3.84730140e-01 1.34975616e-01 5.73501567e-01
 7.63482190e-02 1.39388725e-01 4.18818554e-02 2.57968279e+00
 1.13692033e+00 1.36904283e+00 7.45412724e-01 3.69703431e-03
 5.29421903e-01 1.97999713e-02 6.93130568e-01 6.34214178e-02
 6.88101552e-01 1.03622757e+00 1.68993584e+00 7.49272785e-02
 1.11684600e+00 7.39152594e-01 5.66077422e-01 3.77033054e+00
 1.07424157e-01 3.63882650e-01 1.32428176e+00 6.72716382e-01
 4.72198428e-01 5.29345496e-01 2.49628856e-01 1.22059224e-01
 7.67590350e-01 2.89626131e-01 7.70627026e-01 7.38807318e-01
 1.78369113e-02 4.86760861e-02 6.78259571e-01 4.94233514e-02
 7.64264696e-01 7.73243818e-01 3.38830203e-01 2.94480605e-01
 3.49474353e-01 3.99715040e-01 7.63636627e-02 7.21902865e-01
 3.75818580e-03 5.08828963e-01 3.20189168e-01 5.66006029e-03
 3.85686876e+00 2.68927979e-02 1.31480942e-01 6.44875835e-01
 2.36720427e-02 1.07988831e+00 1.91368890e+00 2.26284335e-01
 7.26034322e-01 3.20721060e-01 1.68719332e-02 8.36100499e-01
 3.77051843e-05 5.28788388e-01 1.45475563e-01 5.06526507e-01
 4.38798880e-01 1.41913715e+00 6.85513615e-01 6.09236989e-01
 4.76625521e+00 7.65725227e-01 1.17372586e+00 1.10995304e+00
 5.67315997e-01 2.61364676e-02 2.51271763e-02 8.30334383e-01
 4.73502053e-01 7.61903018e-01 5.98310706e-01 1.21667196e-01
 8.76743399e-01 1.72631746e-01 1.05486556e+00 4.07752219e-01
 1.00266214e-01 7.59231684e-01 2.43572096e+00 3.48837665e+00
 1.97957573e-02 8.30518780e-01 4.24593452e-02 1.39077330e-01
 6.67415578e-01 8.22799169e-01 9.00010988e-01 5.78334820e-02
 1.07216701e+00 9.91185609e-01 4.85251618e-02 3.36942298e-01
 7.22445491e-01 6.23279795e-01 1.18968460e-01 4.25450506e-02
 4.89011831e-01 3.41252414e-02 6.96934358e-02 2.06840261e-01
 6.43264699e-02 5.07561504e-01 3.51982003e-03 7.92180497e-01
 2.13029627e-01 7.01764657e-01 1.17962159e+00 1.28715708e+00
 7.12751023e-03 7.49206452e-01 3.67597294e-01 4.01942702e-01
 4.28745135e-01 2.22696947e-02 8.79221450e-01 1.03199695e-01
 5.15272918e-01 4.96449342e-01 1.29279259e-01 2.74960246e+00
 3.71203004e-02 4.34223208e-01 4.03688627e-02 7.38306667e-01
 5.69356028e-01 4.48192944e-03 2.06201715e+00 2.49398904e-02
 2.74075279e-01 1.10697755e+00 5.85081316e-01 6.33179933e-01
 7.65194344e-01 3.38811055e-01 5.76123211e-01 4.32906434e-01
 2.95068975e-01 2.51098295e+00 9.38059008e-02 6.15067694e-01
 4.91875563e-01 1.26813664e+00 5.70402471e-02 6.38226004e-01]"
Gradient Boosting,0.961,0.06,0.16,"[ 5.94386806e-01  8.79530449e-01  1.67770861e-02  1.75262779e+00
  8.68996441e-01  3.73626888e-01  3.24173561e-01  3.39323810e-01
  6.68776119e-01  3.60612490e-01  3.24705202e-01  1.52590005e-01
  3.90594515e-01  3.78311857e-01  3.66003169e+00  9.80817692e-01
  9.45684920e-01  1.21263519e+00  1.38741904e-02  1.38204508e+00
  5.24616807e-02  2.20325248e-02  1.41047885e+00  4.99757635e-01
  9.83751997e-01  2.03735172e-01  5.73798234e-01  6.27931496e-01
  9.73966119e-02  7.29949455e-01  1.05300955e-01  4.89117204e-01
  1.10805958e+00  7.77600512e-01 -1.75306319e-03  7.43600570e-02
  8.71349866e-01  6.70036749e-01  4.01470439e-01  6.83453903e-01
  7.52885941e-01  3.79689198e-01  4.05858539e-01  8.12977828e-01
  1.10197529e-02  8.74263650e-01  9.64048247e-01  1.46221311e-03
  8.20949033e-01  3.60670844e-01  4.66787722e-01  7.02639386e-01
  8.68981047e-01  9.90834030e-01  9.44473731e-01  4.72489953e-01
  2.86766426e+00  8.00996837e-03  5.77020970e-01  3.58060237e-02
  5.87335016e-01  2.77641005e-01  3.75102863e-01  6.86696835e-01
  8.74307881e-01  8.57548856e-01  1.57117831e+00  8.04339700e-01
  5.90715860e-02  6.38915406e-01  8.21710810e-01  5.05457695e-01
  5.39420251e-01  7.91876018e-01  9.08693929e-03  7.77253641e-01
  6.51843457e-01  1.04920473e+00  2.65889839e-01 -4.05833252e-02
  9.17047699e-01  1.13408998e+00  9.11839045e-01  5.08391665e-01
  8.36781407e-01  6.28308383e-01  5.17769046e-02  4.67440852e-01
  6.30889403e-01  1.25735971e+00  1.29412078e-01  6.86328693e-01
  3.57817784e-01 -2.53316865e-03  9.14102520e-01  1.10539192e-02
  1.23990782e+00  2.87097576e+00  3.56076879e-01  2.02644163e-01
  9.00923879e-02  5.87050123e-01  4.87840481e-01  1.19850198e+00
  5.94989884e-01  4.52985840e-01  1.88182495e-01  6.84263122e-02
  2.72268914e+00  5.83366328e-02  2.47216336e-01  3.80890175e-01
  3.17235117e+00  9.13461551e-02  7.39488593e-01  4.96845304e-01
 -4.86995270e-03  2.07052107e-01  7.04284550e-01  5.99530213e-01
  1.06686011e+00  5.94890773e-02  5.20424716e-03  4.29158491e-01
  5.76616761e-01 -7.93897431e-03  8.43659894e-01  5.35106074e-01
  6.65517331e-02  8.94378458e-02  4.20417711e-01  1.34207162e+00
  1.66712487e-01 -1.51054326e-02  7.88070566e-01  4.02044259e-01
  6.18840320e-01  6.33212268e-01  7.78779972e-03  3.59613703e-01
  2.02423344e+00  6.05710922e-01  3.83517076e-02  2.56338091e+00
  3.99677591e-02  5.29958478e-03  4.66309635e+00  2.08635153e-01
  5.39292804e-01  4.13019159e-01  1.65609346e-01  6.56716904e-01
  1.99868388e+00  2.02865037e+00  4.24474768e-01  1.23634688e-01
  3.15580319e-01  5.67356502e-02  6.59754053e-01  6.05123033e-01
  2.67451323e-02  3.83515491e-01  1.94334259e-01  2.82303035e+00
  6.84340959e-01  9.35950361e-01  5.24185805e-01  5.46877100e-01
  4.17836073e+00  5.47015848e-01  2.18090995e-02  5.97639049e-01
 -3.02782072e-03  1.09301925e-01  2.69656924e+00  2.09071249e+00
  1.15525976e+00  5.58640211e-01  6.34876096e-01  3.65803931e+00
  1.11338005e-01 -9.11645444e-04  1.26539146e+00  1.07860512e+00
  6.33179626e-01  5.80312425e-01  7.48043949e-01  1.09253759e-01
  3.21889605e-01  3.55026742e-01  3.44990933e-02  1.14123050e+00
  5.39283634e-02  1.22308718e+00  1.08341727e+00  1.60366596e-02
  9.54859465e-01  1.03809099e+00  9.11693396e-02  2.73785814e-01
  1.83869101e-02  2.31439470e-02  2.16719795e+00  1.45994621e-01
  4.20417425e-02  8.31184707e-02  2.47632925e-02  1.34098728e-03
  5.89102575e-01  1.68851190e-01  1.15689036e+00  4.28313161e-01
  1.97141150e-01  6.00928923e-01  3.53974375e-02  8.34025949e-01
  8.16576191e-01  8.90219351e-01  1.32583493e-01  3.77579739e-01
  4.01463440e-01  6.18547594e-01  8.55953930e-02  1.10813712e+00
  2.09602789e-03  7.32132824e-03  5.92835748e-01  8.59499504e-01
  2.43610097e-01  1.30151193e+00  1.07160190e+00  5.23688412e-01
  2.25095581e-01  3.61866032e-01  4.51535807e-01  4.23744125e-02
  9.95118454e-01  3.92670844e-01  1.13627846e-01  6.14950072e-01
  6.39519890e-02  1.67703873e-01  3.12219372e-02  2.33596770e+00
  1.09124800e+00  1.42649340e+00  7.54487762e-01 -5.23367765e-04
  5.02714215e-01  1.42329895e-02  6.16374321e-01  5.49590036e-02
  7.04249540e-01  1.11527348e+00  1.72773040e+00  5.10259298e-02
  1.16353683e+00  7.76029387e-01  5.26069437e-01  3.95313851e+00
  9.41984459e-02  3.55007722e-01  1.27952731e+00  5.63306272e-01
  4.16033078e-01  5.08083580e-01  2.30729047e-01  1.13274356e-01
  7.57399193e-01  2.66875130e-01  7.76259213e-01  7.60353973e-01
  1.55228158e-02  1.60797576e-02  5.96070623e-01 -3.09358802e-03
  7.70119619e-01  7.84464645e-01  3.32784014e-01  3.17655829e-01
  2.37049690e-01  4.84006901e-01  5.23532593e-02  7.70413416e-01
 -1.28009856e-02  4.78693868e-01  3.32410582e-01 -3.79940433e-03
  3.69940097e+00  2.02242369e-02  1.08456564e-01  6.35648844e-01
  2.20655460e-02  1.19745114e+00  1.86443008e+00  2.53067603e-01
  7.44598736e-01  2.96770971e-01  1.97018005e-03  8.24793335e-01
 -1.19277127e-02  5.07280911e-01  9.93725879e-02  5.13064586e-01
  4.36295579e-01  1.36822497e+00  6.92937241e-01  5.97425095e-01
  5.04470720e+00  8.08831492e-01  1.02575374e+00  1.08541070e+00
  5.64947907e-01  1.35117102e-02  4.17813766e-03  8.33025728e-01
  5.07927947e-01  7.78988898e-01  6.04940089e-01  1.29079522e-01
  8.92602476e-01  2.25855657e-01  1.01059022e+00  4.04759393e-01
  8.32142061e-02  7.67054919e-01  2.37390651e+00  3.76283771e+00
  3.27738142e-02  8.35587943e-01  5.80530794e-02  1.34813212e-01
  6.65075175e-01  8.35100934e-01  8.89511702e-01  5.85349889e-02
  1.08458407e+00  8.84485489e-01  4.93089940e-02  3.20872640e-01
  7.67528830e-01  6.24938509e-01  8.95111001e-02  4.67528105e-02
  4.68537116e-01  2.99369164e-02  2.62586221e-02  2.88696794e-01
  7.62378528e-02  5.69665847e-01 -6.00168711e-04  8.08518168e-01
  2.11225447e-01  6.87928704e-01  1.19828011e+00  1.20824026e+00
  1.36240688e-02  6.85446724e-01  3.72350318e-01  3.92561041e-01
  4.31170757e-01  8.27727458e-03  9.02735707e-01  9.65199473e-02
  5.00790317e-01  4.94934968e-01  1.01945024e-01  2.97774204e+00
  1.36760928e-02  4.56462672e-01  4.69591056e-02  7.09467681e-01
  5.82465234e-01  1.30661078e-02  1.98397036e+00  2.26864667e-02
  2.49774873e-01  1.15028343e+00  6.51619905e-01  5.85984060e-01
  7.42337599e-01  3.31520405e-01  7.66539655e-01  4.22802664e-01
  2.36311373e-01  2.59133518e+00  9.08774885e-02  6.17776536e-01
  5.03939607e-01  1.92044271e+00  6.16233651e-02  6.53279442e-01]"
Ridge,0.465,0.33,0.59,"[ 0.73703962  1.01157847  0.13125682  1.36460365  0.88631105  0.55095476
  0.36835691  0.33455855  0.82683869  0.60749558  0.35146357  0.06363985
  0.59425897  0.68456421  1.94149616  1.04269222  0.85878855  1.14737745
  0.09125708  1.39253992 -0.03147249  0.87084213  0.87656612  0.68385542
  0.92337508  0.06565753  0.90015978  0.56754293  0.50285561  0.6507084
  0.86475118  0.36510133  1.10443614  0.96752082 -0.17983353 -0.02660561
  0.81246003  0.68547398  0.69548383  0.75436297  0.88680437  0.67981212
  0.22144469  0.9453266   0.27880388  2.90986683  1.35774927 -0.08624303
  0.94065423  0.62531194  0.66172647  0.83771358  0.95250954  0.9103078
  1.21515331  1.15371027  1.75892935  0.66487075  1.00853884  0.25508791
  0.56724563  0.48783489  0.70286369  0.56085616  0.77173757  0.91505824
  1.43577955  0.70724562 -0.06545317  0.86415659  0.94147417  0.83606555
  0.49822777  1.01121369  0.32472994  1.00576986  0.86647367  1.14306301
  0.19225048 -0.61143352  1.14932121  1.12727405  1.10126238  0.70144291
  1.01681475  0.76742799  0.01482366  0.45547244  0.80754736  1.19636444
  0.09535061  0.77207852 -0.01865909 -0.28226417  0.75973943  0.31087148
  1.13556496  1.68794115  0.62805477  0.83707666  0.39846957  0.5780079
  0.45393996  0.9517751   0.59957294  0.3433702   1.63081439 -0.2457117
  0.98986605  0.55962413  1.01653372  0.44017616  1.32590771  0.43024411
  0.77605311  0.24298651 -0.60215968 -0.15317974  0.81042485  0.45303494
  1.08304871  0.40559794  0.47640798  0.54401725  0.80652913 -0.70477846
  1.12130714  0.70405628  0.61091031  0.20282166  1.09510902  1.92097838
  0.38403778 -0.51148646  1.19812074  0.49627268  0.73217402  0.49458306
 -0.9962853   0.34930749  1.34441727  0.77861858  0.30387926  1.41818955
 -0.44510913 -0.22713531  1.47907424 -0.07468501  0.760322    0.30439129
  1.08019875  0.67150154  1.53595197  1.56984239  0.93935321  0.47749734
  0.30383151  0.25914611  0.81314851  0.69441889  0.14440869  0.69162273
  1.01759302  0.4937907   0.81484972  1.0697336   0.56570529  1.0330672
  2.6603797   0.37511647 -0.00803675  0.80454661 -0.62666693  0.89639511
  1.42811273  1.17411636  0.91377173  0.84229505  0.84609853  1.56358704
  0.08607054  0.15564634  1.1128221   0.92462449  0.62538398  0.46254355
  0.8244272  -0.26297903  0.69204564  0.3355373  -0.19798656  1.07820379
 -0.01453587  1.33248425  0.98695869  0.11745603  1.01263807  1.00274838
  0.25549503  0.11699829 -0.43426709 -0.20807706  1.61677849  0.84747804
 -0.18937347  0.86612888 -0.03342363 -0.46203465  0.5835106   0.74809285
  1.12556768  0.43227413  0.26526206  0.84119584 -0.29018257  0.8420858
  0.74433867  1.51712937  0.73983257  0.35659947  0.65176924  0.86981817
  0.28675255  1.01201736  0.05924205 -0.14478281  2.5299309   1.09561056
  0.24299176  1.21288584  0.91183317  0.43103781  0.43982078  0.54277475
  0.71365484  0.5026312   1.42397686  0.74805733  1.39125866  0.55629408
  0.63575732  0.13965313 -0.08103864  1.03352577  1.08696347  1.19702183
  0.52234352 -0.63849414  0.54376576 -0.56003698  1.19253528  0.20596029
  0.75998809  1.0396744   1.29600263 -0.02564251  0.94228799  0.75985632
  0.80897204  1.91054293  0.03706782  0.59844093  1.21641462  0.8490855
  0.54346341  0.85220145  0.38406226 -0.0799886   0.77842797  0.20891375
  0.85034613  0.87067315  0.16609764  0.4161561   0.76364914 -0.07522941
  0.56461651  0.67607971  0.28337335  0.08282246  0.43625762  0.61893101
 -0.39412752  0.81796558 -0.50044575  0.65179079  0.65140214 -0.167715
  1.67995069  0.47518144  0.65292442  0.78053538 -0.39916245  1.30047563
  1.51818708  2.33361424  0.81193239  0.37311381 -0.14161531  0.98061033
 -0.33202263  0.92109446 -0.11480351  1.01795176  0.42568561  1.17869357
  0.98588898  0.99518327  1.9704157   1.01108221  0.97158985  1.06925003
  0.67510514  0.01832309  0.47134775  1.00527506  0.50260487  0.57592236
  0.80461075 -0.07010346  0.91606537  0.74942193  0.91273635  0.75811392
  0.03710208  0.77966077  3.10491096  1.89186442  0.37552772  0.84807068
 -0.10646929 -0.03215632  1.08521637  0.92118922  0.79454745  0.20886863
  1.26965092  1.40413838 -0.04449276  0.48585545  0.84740004  0.62530588
 -0.09186222  0.05200816  0.75009274 -0.04602581  1.12236504  1.25804215
  0.3978775   0.68652601 -0.36307612  0.65654723  0.16507652  0.71666215
  1.27602362  0.76969599  0.03315501  1.1033904   0.70363518  0.72451356
  0.63209393  0.45108618  0.81474216  1.04296521  0.66714098  0.59007906
  1.08792235  2.55052814  0.267675    0.39187674 -0.03653528  0.52068602
  0.69119172 -0.44925498  1.3927966  -0.31298924  0.28784394  1.27672882
  0.6066165   1.27757339  0.75026639  0.49027918  0.42541654  0.56260555
  0.16243749  2.11205198  0.2601243   0.58622604  0.57684546  2.63927249
 -0.07296548  0.76925887]"
Elastic Net,0.094,0.49,0.77,"[0.56290739 0.58935127 0.56290481 0.64122523 0.58550159 0.54224629
 0.5308229  0.53216858 0.55867003 0.5321215  0.5319491  0.56284928
 0.53203798 0.5308229  0.71444946 0.55631485 0.61056485 0.60052385
 0.65993505 0.58958926 0.58629648 0.73890413 0.6599508  0.54227297
 0.8596828  0.5628427  0.55631485 0.55631485 0.62383678 0.55884941
 0.86524726 0.55631485 0.61532878 0.5854898  0.56283502 0.54218287
 0.58631466 0.55883453 0.5308229  0.55631485 0.5644419  0.53204523
 0.54224274 0.58545129 0.60715895 1.90315771 1.17662059 0.5817668
 0.58939119 0.53203357 0.5308229  0.56292369 0.58631819 0.58632483
 0.61056759 0.88132985 0.68473353 0.68989642 0.53211579 0.50531091
 0.56289023 0.5308229  0.53206018 0.60057019 0.62009867 0.56425941
 0.61575536 0.57932935 0.56465428 0.56286587 0.59846851 0.55878031
 0.54233146 0.71164408 0.65257739 0.56287972 0.57903519 0.59856061
 0.5308229  0.5423684  0.598583   0.61599111 0.74753554 0.54226332
 0.57895016 0.54235186 0.62021059 0.53216828 0.56447219 0.61598667
 0.58945548 0.55899747 0.61551212 0.55861469 0.6239053  0.63521206
 0.6120656  0.65871704 0.5308229  0.50531091 0.50531091 0.83956957
 0.5628945  0.63523015 0.56462834 0.57919737 1.42901497 0.5421465
 0.92207077 0.50531091 0.73254992 0.53207433 0.89848627 0.63885312
 0.61059644 0.61059396 0.50531091 1.06215372 0.56468526 0.58632984
 0.56427204 0.50531091 0.72994452 0.5645541  0.54231086 0.54223516
 0.58937149 0.5308229  0.97473249 0.6411669  0.93360455 0.58552238
 0.62372523 0.50531091 0.56457555 0.53208347 0.56456844 0.56291931
 0.50531091 0.57929486 0.67241522 0.54234795 0.50531091 1.1319461
 0.50531091 0.59979175 1.25799062 0.56470404 0.56288724 0.57899554
 1.05137217 0.55889475 0.61608427 0.61229362 0.88019424 0.69650423
 0.53194903 0.61598613 0.56280635 0.56441242 0.58534992 0.53204763
 0.75108085 0.93035807 0.56289702 0.5817668  0.54228236 0.98872611
 1.8937403  0.54230082 0.60715895 0.56451015 0.5308229  1.07560017
 0.85542926 1.07409513 0.58626087 0.54223129 0.54230846 0.81976471
 0.5862897  0.50531091 0.63483939 0.72310314 0.54234315 0.56439709
 0.55893304 0.53211378 0.53206149 0.53210585 0.56290043 0.61207436
 0.6001176  0.59842957 0.61505384 0.62341312 0.5792748  0.57911533
 0.65542142 0.56294417 0.53217166 0.56448855 0.65524939 0.67700376
 0.5855793  1.04395477 0.50531091 0.5308229  0.55631485 0.71441554
 0.61533644 0.54227117 0.61219237 0.56449886 0.56287678 0.56293282
 0.5855608  1.11497296 0.62023796 0.65273235 0.53204657 0.55883114
 0.65529818 0.61543184 0.61449035 0.5862688  1.9893441  0.56291515
 0.58918686 0.62023663 0.66664358 0.54229    0.61143341 0.5308229
 0.53217523 0.50531091 1.19166881 0.53206043 1.18549861 0.54234677
 0.94046404 0.60032245 0.58626574 1.07593001 0.61573666 0.62371969
 0.5863048  0.53184418 0.55873659 0.53209316 1.05006092 0.63520587
 0.55631485 0.5817668  0.61613269 0.58625361 0.60044206 0.57928341
 0.56438691 0.68838757 0.58941829 0.5308229  0.62007009 0.57905227
 0.97133345 0.56448529 0.5308229  0.57925395 0.58627071 0.58955868
 0.5817668  0.56475712 0.69302531 0.72254981 0.57905011 0.57925007
 0.58624872 0.5817668  0.53214276 0.56293308 0.57912787 0.65516675
 0.55631485 0.54227191 0.55631485 0.57914713 0.5308229  0.56419407
 0.92282541 0.69286935 0.70696288 0.55631485 0.54223432 0.5629251
 0.63247173 1.92471838 0.55893768 0.5308229  0.63247173 0.58552065
 0.57905527 0.56286635 0.53204223 0.88838328 0.54221445 0.61545114
 0.56290364 1.11494123 0.83556332 0.54229054 0.63518331 0.61058437
 0.56288176 0.64699807 0.66677567 0.57920381 0.55856953 0.5817668
 0.56468152 0.55894697 0.58633275 0.66658002 0.62031503 0.53208964
 0.60019688 0.58631259 1.87913675 0.68278249 0.65263511 0.58627816
 0.58628505 0.5308229  0.53210835 0.58627318 0.61059728 0.62372672
 0.56293322 1.14269166 0.60018079 0.5308229  0.54225886 0.56294799
 0.5985356  0.86519863 0.53196707 0.53203834 0.74781809 1.47120612
 0.92662452 0.54236398 0.56445468 0.5817668  0.5308229  0.62024825
 0.59970732 0.59989788 0.57920095 1.00355232 0.53211483 0.53210522
 0.5308229  0.66659964 0.5629299  1.09590886 0.54226721 0.54231505
 1.15313421 1.64996768 0.74294593 0.53216592 0.57917342 0.61057429
 0.56445676 0.54212286 0.63522462 0.5423101  0.61509388 0.5587861
 0.5646935  1.0439569  0.57915798 0.53208786 0.66661366 0.54222004
 0.58625538 1.52706631 0.60715895 0.56291958 0.5423045  0.60715895
 0.6123502  0.56468282]"
Neural Net (MLP),0.815,0.16,0.35,"[ 6.41613898e-01  9.50064327e-01 -5.32848134e-02  1.67301084e+00
  8.80659025e-01  2.98917474e-01  3.62846141e-01  2.32692529e-01
  6.80374968e-01  3.10509380e-01  3.85458427e-01  1.18074791e-01
  4.49111630e-01  4.85555739e-01  4.08107626e+00  8.35739537e-01
  1.13470620e+00  1.19640841e+00  6.51392223e-02  1.15838345e+00
  6.43184072e-02  2.11430656e-01  1.12055359e+00  4.29399990e-01
  5.78508975e-01  3.16083023e-01  4.06173100e-01  7.25927676e-01
  1.15513671e-01  7.92257128e-01  6.72670835e-01  5.60925187e-01
  1.14417897e+00  7.73403489e-01  5.74774468e-02 -3.67624226e-03
  9.04464263e-01  6.51376254e-01  4.20075858e-01  8.69130923e-01
  7.86803890e-01  2.68897338e-01  4.76141901e-01  7.99531990e-01
  1.15487885e-01  2.02494158e+00  1.95039064e+00  1.09435665e-01
  8.69288845e-01  3.35820075e-01  4.70200841e-01  6.61783414e-01
  9.12853954e-01  9.93126345e-01  1.01802038e+00  9.80712357e-01
  3.47727543e+00 -6.35036087e-02  5.77874904e-01  1.21057202e-01
  6.11465610e-01  3.02155319e-01  3.85575926e-01  6.57316100e-01
  7.46613400e-01  8.61964148e-01  1.47116148e+00  8.12084711e-01
  4.99175917e-02  5.58102283e-01  9.99391089e-01  5.08581419e-01
  5.58877310e-01  6.42630622e-01 -1.12169390e-01  7.71181486e-01
  8.17533061e-01  1.06422664e+00  1.92074780e-01  7.67662394e-02
  1.00169207e+00  1.26867919e+00  1.05442531e-01  5.63948822e-01
  7.97892346e-01  6.09088362e-01  1.60800122e-01  5.08327173e-01
  5.84058866e-01  1.24938224e+00  1.53874747e-01  6.32389647e-01
  4.87529376e-01  6.02468260e-02  7.82506575e-01  1.34003880e-02
  1.23102660e+00  3.36325876e+00  2.53865101e-01  3.19586987e-01
  2.02194023e-01  4.22941489e-01  5.46121718e-01  1.19598334e+00
  6.28356046e-01  5.41236275e-01  5.44042374e-01 -1.35824094e-02
  1.81708810e+00  1.12895609e-01  5.81800468e-01  3.73510574e-01
  2.31492213e+00  9.03738569e-02  6.34958422e-01  5.83302841e-01
 -5.16211886e-02  9.81499259e-01  6.47027955e-01  7.29631509e-01
  9.69471406e-01  7.40280945e-02  1.08324273e-02  4.28938858e-01
  5.58822392e-01  4.35900901e-02  8.83299430e-01  5.36607190e-01
  1.86553824e-01  9.89053362e-03  6.81629984e-01  1.68633187e+00
 -9.32848547e-03 -1.49936874e-01  8.90450670e-01  5.16900153e-01
  5.95251113e-01  6.40178025e-01 -7.74244130e-02  3.20681833e-01
  2.21813676e+00  5.62415915e-01  7.57401424e-02  1.70817531e+00
 -2.06705408e-01 -1.61159949e-01  3.09343022e+00  2.36636120e-01
  5.38489495e-01  3.75248759e-01  8.73011947e-01  6.88801061e-01
  2.05007558e+00  2.16647038e+00  9.89426638e-01  3.22922585e-01
  4.58148562e-01  9.13328508e-02  6.23893046e-01  6.22738346e-01
 -1.60446175e-01  4.17764331e-01  5.43597818e-01  4.39989202e-01
  6.27865404e-01  9.15869047e-01  5.04944221e-01  5.87253101e-01
  3.45001439e+00  7.13692294e-01  1.24742607e-01  6.42820513e-01
  1.44789558e-02  1.82236687e-01  2.68127080e+00  9.70787670e-01
  1.09404753e+00  5.51881958e-01  7.02300696e-01  2.65210363e+00
  8.36950903e-02 -1.01165290e-01  1.33703063e+00  5.03561915e-01
  6.31486870e-01  5.04514613e-01  7.41668923e-01  1.18569272e-01
  2.48370554e-01  3.98599049e-01  4.67890816e-02  1.09808791e+00
  8.02306270e-02  1.22108131e+00  1.16122694e+00  1.21272165e-02
  9.16445699e-01  1.13144560e+00  3.23189532e-03  2.17342393e-01
 -2.23284009e-02  2.73192781e-02  1.96655820e+00  2.49168225e-01
  1.46170557e-01  1.13261681e+00  8.21118673e-02 -3.82905452e-02
  5.62406586e-01  3.26217038e-01  1.17601621e+00  4.10526037e-01
  1.67586713e-01  5.90791317e-01  7.81720545e-02  9.16375865e-01
  8.26462035e-01  1.53174374e+00 -1.08802482e-02  1.51567722e-01
  3.63567607e-01  5.64259801e-01  1.52825762e-01  1.15240085e+00
  6.49979731e-02  2.00252478e-02  2.79704137e+00  9.53886098e-01
  4.01104102e-01  1.33711838e+00  8.16906350e-01  5.25039875e-01
  2.32433092e-01  4.32201719e-01  4.58470009e-01  9.29449132e-02
  1.56262583e+00  2.61968870e-01  1.29565939e+00  5.69150835e-01
  5.34463119e-01  1.68268880e-01  9.87859278e-02  1.39827797e+00
  4.03927411e-01  1.35300831e+00  8.69729351e-01 -8.06344865e-02
  4.23705572e-01  8.54987105e-02  1.16468346e+00  1.21429461e-03
  6.19460900e-01  1.17278835e+00  1.84003087e+00  8.72816595e-02
  1.09037700e+00  7.44731786e-01  7.10721258e-01  3.91797383e+00
  1.58799604e-01  3.27648724e-01  1.50084033e+00  7.20142339e-01
  4.61607766e-01  5.75895188e-01  1.56327352e-01  1.33691116e-01
  8.63155424e-01  2.52608185e-01  7.91243055e-01  7.00203607e-01
 -3.79376047e-02  1.49325999e-01  6.42994018e-01  4.23210361e-02
  7.72001487e-01  7.36755354e-01  3.15327577e-01  3.30842925e-01
  4.19900160e-01  3.04538377e-01  1.75513470e-01  8.42277466e-01
  9.33752255e-02  5.83088584e-01  4.21073011e-01 -2.35392863e-02
  3.34926508e+00  3.34249018e-01  2.03931954e-01  6.42714598e-01
 -3.31355326e-02  1.30029673e+00  2.10477259e+00 -8.51337521e-03
  7.79598649e-01  2.96652976e-01  8.47415575e-02  8.65276089e-01
 -1.33639571e-01  5.40689592e-01  1.76265848e-02  1.33242248e+00
  5.71849567e-01  1.31441979e+00  6.78958456e-01  7.32664758e-01
  5.04117863e+00  8.79089535e-01  7.58273107e-01  1.05158479e+00
  5.03084959e-01 -5.07173722e-02 -7.89126166e-02  7.58901194e-01
  2.78042761e-01  9.40311789e-01  6.49643751e-01  2.59183316e-02
  9.33971650e-01  4.05688274e-01  1.10170234e+00  3.90101841e-01
  1.16367926e-01  8.01918637e-01  3.01292808e+00  3.73509741e+00
  1.14130016e-01  8.38930685e-01  5.86585559e-02  1.63814439e-02
  8.15227849e-01  8.44979312e-01  9.00466551e-01  9.27623579e-02
  1.11691118e+00  9.86205812e-01  1.16207432e-01  3.70876441e-01
  7.48953031e-01  6.60148069e-01  1.86879551e-01 -1.41351907e-01
  5.23568790e-01 -1.78362447e-01  7.25484868e-01  8.05819725e-01
  7.88865797e-02  5.60249784e-01  1.02297375e-01  6.80308825e-01
  1.07450706e-01  6.12196246e-01  1.20151457e+00  1.37233896e+00
  9.00711208e-03  1.01363747e+00  3.29513578e-01  4.59523072e-01
  4.85343753e-01  1.19818105e-01  8.05868799e-01  3.38036547e-01
  3.67479356e-01  4.43895336e-01  1.08415078e+00  2.00649069e+00
 -1.22723350e-01  5.13666743e-01  8.14861044e-02  7.49374637e-01
  5.63248607e-01  5.56406871e-02  2.03026305e+00  3.93922882e-02
  3.36087684e-01  1.34466765e+00  4.95839810e-01  6.82829655e-01
  8.91417342e-01  3.22495017e-01  3.59403484e-01  3.87145123e-01
  2.71911063e-01  3.37537220e+00 -1.16701513e-02  6.74364442e-01
  4.87566256e-01  2.93775633e+00  1.92949268e-01  6.95574228e-01]"
Stacking Ensemble,0.988,0.04,0.09,"[ 5.88392727e-01  8.48175214e-01 -3.61170235e-03  1.53724763e+00
  8.80607326e-01  3.76685560e-01  3.21065219e-01  2.85150647e-01
  6.78053142e-01  3.37002559e-01  3.21278062e-01  1.73680801e-01
  3.70939124e-01  3.59421480e-01  3.88684505e+00  1.03649442e+00
  1.02141774e+00  1.15628653e+00 -6.53735769e-03  1.35800386e+00
  3.06423719e-02  2.46139271e-02  1.53318430e+00  4.67974613e-01
  1.00895565e+00  2.12823967e-01  5.96138535e-01  6.19605720e-01
  7.17969069e-02  7.11694348e-01  6.76535476e-02  5.17575968e-01
  1.09074839e+00  8.14518928e-01 -9.64961412e-03  7.99158225e-02
  8.55542648e-01  6.40436399e-01  3.77582494e-01  6.60803573e-01
  7.48944372e-01  3.58149343e-01  4.14673237e-01  8.21791149e-01
 -8.67923455e-03  3.72196898e-01  9.62794836e-01 -1.17060977e-02
  8.37816199e-01  3.41538627e-01  4.69749537e-01  6.86977254e-01
  8.54918064e-01  9.72218403e-01  1.04409523e+00  4.47055070e-01
  3.26324118e+00 -2.46057156e-02  5.75669084e-01  2.78044253e-02
  5.83059800e-01  3.08582413e-01  3.54919377e-01  6.89444513e-01
  1.04777710e+00  8.62782418e-01  1.45180037e+00  8.08184309e-01
  3.59133585e-02  6.07641453e-01  9.05549555e-01  5.46455966e-01
  4.95107567e-01  8.68982048e-01 -2.16399977e-02  7.50049317e-01
  7.41625806e-01  1.05958688e+00  2.60193079e-01 -2.16861866e-02
  9.32876788e-01  1.10191423e+00  5.48249185e-01  4.75233807e-01
  9.23356786e-01  5.30143965e-01  3.83322357e-02  4.19762436e-01
  6.01797811e-01  1.20390858e+00  1.16714194e-01  6.41894303e-01
  3.52265722e-01 -9.77900430e-03  9.05353492e-01 -7.17750653e-03
  1.21543581e+00  3.14844864e+00  3.39723545e-01  1.44602440e-01
  5.90219177e-02  6.24827978e-01  5.05668912e-01  1.17094612e+00
  5.95019605e-01  5.18098928e-01  1.57102865e-01  4.25148699e-02
  2.09879003e+00  3.32213376e-02  3.50439095e-01  3.64625680e-01
  3.03765017e+00  7.25181032e-02  7.30159433e-01  4.76709071e-01
 -1.21446227e-02  8.11950341e-02  6.64573606e-01  6.03628802e-01
  1.06393606e+00  3.38333881e-02  1.03000490e-02  4.41035988e-01
  5.44394191e-01 -1.41031505e-02  8.41818042e-01  5.00716261e-01
  4.77942932e-02  5.32737293e-02  4.76440648e-01  1.39214675e+00
  1.02427426e-01 -2.28337878e-02  8.05170339e-01  3.84802139e-01
  6.16993340e-01  6.13799811e-01 -1.22460499e-02  3.76623690e-01
  2.00631345e+00  5.13403226e-01  2.42858871e-02  3.38972224e+00
  2.22187995e-02 -1.67426981e-02  4.45917229e+00  2.15842495e-01
  5.48740235e-01  4.75761064e-01  2.40412536e-01  6.34013938e-01
  1.97655962e+00  2.02315204e+00  4.19926296e-01  1.29189019e-01
  3.17549393e-01  3.65251557e-02  6.66141874e-01  5.87558546e-01
 -1.05150735e-02  3.69110549e-01  2.99380358e-01  2.19358835e+00
  6.42303530e-01  9.05915289e-01  4.94650642e-01  5.59899282e-01
  4.90499750e+00  5.34442443e-01 -3.57543520e-03  5.83989271e-01
 -1.56708227e-02  6.73887075e-02  3.86025762e+00  2.37035386e+00
  1.11616806e+00  5.89635664e-01  7.51999188e-01  4.70957808e+00
  1.08095026e-01 -1.87098404e-02  1.22753915e+00  6.99834057e-01
  5.27761087e-01  5.71962645e-01  7.15379679e-01  1.08678757e-01
  3.26760413e-01  3.37317784e-01  2.09813559e-02  1.12115687e+00
  3.37347515e-02  1.22305125e+00  1.09590935e+00 -5.72943160e-03
  9.30133749e-01  1.12169979e+00  7.80128535e-02  2.77807575e-01
  6.93029949e-03  1.48731075e-02  2.08916851e+00  1.55223184e-01
  2.97470123e-02  1.99824588e-01  1.91046702e-02 -1.33230927e-02
  6.16315811e-01  1.67786760e-01  1.12421714e+00  4.12671804e-01
  1.52952306e-01  5.86926934e-01  2.14517495e-02  8.56671418e-01
  8.36823244e-01  9.40235344e-01  8.88594968e-02  2.58837684e-01
  3.80664936e-01  6.30094194e-01  7.16696822e-02  1.10662617e+00
 -8.06267113e-03 -1.10225695e-02  2.58300271e-01  8.74511328e-01
  2.69975397e-01  1.27225933e+00  6.94205047e-01  4.94381734e-01
  2.64800948e-01  3.46818208e-01  3.94161773e-01  2.43853742e-02
  9.82294044e-01  3.66906994e-01  9.78203149e-02  5.23150266e-01
  3.54849159e-02  1.30592447e-01  2.79147847e-02  2.47164487e+00
  1.13905318e+00  1.34147949e+00  7.57373987e-01 -1.43108970e-02
  5.20749635e-01  4.77203040e-03  6.78926150e-01  3.78899037e-02
  6.86351389e-01  1.05492111e+00  1.70242306e+00  5.49245708e-02
  1.11629517e+00  7.47573843e-01  5.72078832e-01  4.20063227e+00
  8.74368868e-02  3.44999831e-01  1.34837322e+00  6.94239879e-01
  4.30005426e-01  5.53578028e-01  2.47149769e-01  1.14477640e-01
  7.81815298e-01  2.65579853e-01  7.79443050e-01  7.11637694e-01
 -6.83011808e-03  7.09702356e-04  7.06760577e-01 -4.47224414e-03
  6.88181035e-01  7.72398874e-01  3.17645841e-01  2.97246705e-01
  3.49658388e-01  3.31123715e-01  6.04544212e-02  7.09837114e-01
 -2.22400365e-02  5.31532434e-01  3.22911112e-01 -1.67230859e-02
  4.14963655e+00  1.23241156e-03  1.08462734e-01  6.26781349e-01
  8.86931206e-03  1.13391935e+00  1.97022491e+00  1.59312028e-01
  7.13091140e-01  3.02985394e-01 -8.99380796e-03  8.30118319e-01
 -1.89454724e-02  5.61853164e-01  8.52521744e-02  4.70044485e-01
  4.40222682e-01  1.38958435e+00  6.68198574e-01  5.30874796e-01
  5.09661911e+00  7.67605031e-01  1.13129000e+00  1.10329949e+00
  5.57363577e-01 -1.58976665e-03 -2.54439314e-03  8.39264654e-01
  4.87982711e-01  7.65278095e-01  5.94256653e-01  1.14760869e-01
  8.57873983e-01  1.69285376e-01  1.02336397e+00  3.81279591e-01
  8.97490516e-02  7.60471263e-01  2.50882006e+00  3.76827515e+00
  1.69417773e-03  8.23196524e-01  3.04506652e-02  1.14943341e-01
  6.64114445e-01  8.25446174e-01  9.13416946e-01  3.63949309e-02
  1.06127454e+00  1.01013026e+00  3.25010371e-02  3.27102888e-01
  7.40454308e-01  6.08198688e-01  1.06236579e-01  1.75934197e-02
  4.69243681e-01  1.67780967e-02  1.43095015e-02  1.33706528e-01
  3.48080370e-02  4.56058693e-01 -1.24392206e-02  8.00593568e-01
  2.11312853e-01  7.12769558e-01  1.18076675e+00  1.32323105e+00
 -9.06516869e-03  7.42755807e-01  3.48719574e-01  3.73222507e-01
  4.17026401e-01  1.37482512e-03  8.90984143e-01  6.96142559e-02
  4.63278534e-01  4.71979689e-01  9.57717878e-02  2.97252246e+00
  7.68797702e-03  4.19331572e-01  2.94827028e-02  7.27752051e-01
  5.65650908e-01 -1.32704508e-02  1.99368265e+00  8.90911466e-03
  2.53634905e-01  1.28771598e+00  5.73514901e-01  5.80336936e-01
  7.91622441e-01  3.30116754e-01  5.20751638e-01  4.31159434e-01
  2.69789281e-01  2.65013250e+00  7.24749704e-02  6.02675273e-01
  4.75069704e-01  2.13368646e+00  3.77946273e-02  6.23013033e-01]"
